{"stats":{"minecraft:custom":{"minecraft:time_since_rest":27019,"minecraft:sprint_one_cm":26424,"minecraft:damage_taken":180,"minecraft:walk_one_cm":32504,"minecraft:mob_kills":2,"minecraft:damage_dealt":299,"minecraft:swim_one_cm":11606,"minecraft:interact_with_crafting_table":5,"minecraft:fly_one_cm":33243,"minecraft:play_time":27019,"minecraft:sneak_time":37,"minecraft:walk_under_water_one_cm":530,"minecraft:jump":208,"minecraft:leave_game":9,"minecraft:time_since_death":27019,"minecraft:walk_on_water_one_cm":2396,"minecraft:total_world_time":27019,"minecraft:fall_one_cm":3973},"minecraft:used":{"quark:blossom_log":5,"minecraft:wooden_axe":58,"minecraft:wooden_pickaxe":13,"ecologics:walnut_sapling":1,"luminousworld:yellow_grassflowers":1,"ecologics:coconut_slice":2,"minecraft:beef":1,"minecraft:crafting_table":3,"ecologics:walnut":1,"alexsmobs:animal_dictionary":1,"undead_revamp2:arapholia":1},"minecraft:crafted":{"minecraft:string":4,"minecraft:white_wool":1,"minecraft:crafting_table":1,"ecologics:walnut_button":1,"minecraft:stick":8,"minecraft:wooden_pickaxe":1,"ecologics:walnut_planks":16,"minecraft:stone_pickaxe":1,"minecraft:wooden_axe":1,"minecraft:stone_sword":1},"minecraft:mined":{"undead_revamp2:arapholia":1,"ecologics:seashell":3,"luminousworld:yellow_grassflowers":1,"quark:yellow_blossom_leaves":26,"minecraft:crafting_table":3,"minecraft:grass":3,"ecologics:walnut_leaves":2,"quark:blossom_log":29,"luminousworld:grassvariant_2":3,"luminousworld:grassvariant_3":2,"ecologics:walnut_log":4,"minecraft:stone":12,"luminousworld:groundpebbles_3":1},"minecraft:picked_up":{"luminousworld:groundpebbles_1":1,"minecraft:stick":2,"minecraft:crafting_table":3,"ecologics:walnut":1,"ecologics:walnut_log":4,"ecologics:coconut_slice":2,"minecraft:leather":1,"ecologics:seashell":3,"quark:blossom_log":28,"ecologics:walnut_sapling":1,"luminousworld:yellow_grassflowers":1,"minecraft:beef":2,"minecraft:black_wool":1,"undead_revamp2:arapholia":1,"minecraft:cobblestone":12,"ecologics:crab_claw":1},"minecraft:killed":{"ecologics:coconut_crab":1,"earthmobsmod:umbra_cow":1},"minecraft:broken":{"minecraft:wooden_axe":1}},"DataVersion":3465}