{"stats":{"minecraft:picked_up":{"luminousworld:yellow_grassflowers":1,"undead_revamp2:arapholia":1},"minecraft:custom":{"minecraft:time_since_rest":7146,"minecraft:leave_game":6,"minecraft:play_time":7146,"minecraft:sprint_one_cm":5149,"minecraft:time_since_death":7146,"minecraft:walk_one_cm":4805,"minecraft:sneak_time":37,"minecraft:total_world_time":7146,"minecraft:fall_one_cm":627,"minecraft:fly_one_cm":9770,"minecraft:jump":33},"minecraft:used":{"undead_revamp2:arapholia":1,"luminousworld:yellow_grassflowers":1},"minecraft:mined":{"undead_revamp2:arapholia":1,"luminousworld:yellow_grassflowers":1}},"DataVersion":3465}