{"stats":{"minecraft:custom":{"minecraft:mob_kills":10,"minecraft:interact_with_crafting_table":5,"minecraft:leave_game":11,"minecraft:time_since_death":4169,"minecraft:sleep_in_bed":1,"minecraft:climb_one_cm":1959,"minecraft:time_since_rest":1621,"minecraft:sprint_one_cm":76919,"minecraft:damage_taken":1100,"minecraft:walk_one_cm":131064,"minecraft:drop":28,"minecraft:damage_dealt":1745,"minecraft:swim_one_cm":11606,"minecraft:talked_to_villager":3,"minecraft:fly_one_cm":119567,"minecraft:open_chest":11,"minecraft:crouch_one_cm":308,"minecraft:play_time":53267,"tombstone:undead_killed":2,"minecraft:deaths":3,"minecraft:sneak_time":93,"minecraft:walk_under_water_one_cm":530,"minecraft:jump":646,"minecraft:interact_with_brewingstand":1,"minecraft:walk_on_water_one_cm":4165,"minecraft:total_world_time":53267,"minecraft:fall_one_cm":18021},"minecraft:used":{"quark:blossom_log":10,"minecraft:stone_sword":62,"minecraft:stone_pickaxe":14,"born_in_chaos_v1:intoxicating_decoction":1,"minecraft:wooden_pickaxe":13,"luminousworld:yellow_grassflowers":1,"ecologics:walnut_sapling":1,"minecraft:rotten_flesh":1,"minecraft:salmon":1,"minecraft:crafting_table":3,"luminousworld:grassflowers":2,"minecraft:wooden_axe":58,"born_in_chaos_v1:smoked_flesh":2,"ecologics:coconut_slice":2,"minecraft:cobblestone":11,"minecraft:beef":8,"ecologics:walnut":1,"tombstone:gift":2,"alexsmobs:animal_dictionary":1,"undead_revamp2:arapholia":1},"minecraft:crafted":{"minecraft:crafting_table":1,"minecraft:wooden_pickaxe":1,"ecologics:walnut_planks":16,"minecraft:string":4,"minecraft:white_wool":1,"tombstone:grave_key":2,"minecraft:stick":8,"ecologics:walnut_button":1,"minecraft:stone_pickaxe":1,"minecraft:wooden_axe":1,"minecraft:stone_sword":1},"minecraft:mined":{"undead_revamp2:arapholia":1,"quark:yellow_blossom_leaves":26,"minecraft:brewing_stand":1,"minecraft:crafting_table":3,"ecologics:walnut_leaves":2,"iceandfire:ghost_chest":1,"quark:blossom_log":34,"luminousworld:grassvariant_2":4,"minecraft:tall_grass":1,"minecraft:cobblestone":6,"born_in_chaos_v1:gnawed_bones":1,"luminousworld:groundpebbles_3":1,"minecraft:skeleton_skull":1,"luminousworld:yellow_grassflowers":1,"ecologics:seashell":3,"minecraft:lilac":1,"minecraft:grass":7,"minecraft:dirt":3,"luminousworld:grassvariant_3":3,"ecologics:walnut_log":4,"minecraft:stone":12},"minecraft:picked_up":{"born_in_chaos_v1:corpse_maggot":2,"luminousworld:groundpebbles_1":1,"minecraft:crafting_table":3,"ecologics:walnut":1,"minecraft:salmon":1,"minecraft:leather":5,"ecologics:seashell":3,"minecraft:potion":2,"minecraft:chain":5,"iceandfire:ectoplasm":2,"minecraft:brewing_stand":1,"iceandfire:manuscript":2,"minecraft:dirt":3,"born_in_chaos_v1:intoxicating_decoction":3,"minecraft:bone":13,"ecologics:walnut_sapling":1,"minecraft:iron_ingot":1,"minecraft:beef":8,"minecraft:cobweb":12,"born_in_chaos_v1:gnawed_bones":1,"ecologics:crab_claw":1,"minecraft:stick":2,"iceandfire:ghost_chest":1,"ecologics:walnut_log":4,"ecologics:coconut_slice":2,"minecraft:copper_ingot":1,"quark:blossom_log":33,"luminousworld:grassflowers":2,"iceandfire:silver_ingot":2,"minecraft:arrow":2,"minecraft:rotten_flesh":5,"born_in_chaos_v1:fire_dust":3,"luminousworld:yellow_grassflowers":1,"minecraft:black_wool":1,"minecraft:mutton":2,"undead_revamp2:arapholia":1,"minecraft:skeleton_skull":1,"minecraft:white_wool":1,"minecraft:cobblestone":18},"minecraft:killed":{"born_in_chaos_v1:zombie_clown_not_despawn":1,"earthmobsmod:umbra_cow":1,"born_in_chaos_v1:zombie_fisherman":1,"born_in_chaos_v1:corpse_fly":1,"ecologics:coconut_crab":1,"earthmobsmod:horned_sheep":1,"minecraft:cow":4},"minecraft:broken":{"minecraft:wooden_axe":1},"minecraft:killed_by":{"minecraft:creeper":1,"born_in_chaos_v1:corpse_fly":1},"minecraft:dropped":{"born_in_chaos_v1:intoxicating_decoction":2,"minecraft:lilac":1,"minecraft:glass_bottle":1,"ecologics:walnut_button":1,"minecraft:rotten_flesh":4,"iceandfire:ectoplasm":2,"minecraft:stick":3,"ecologics:walnut_planks":1,"minecraft:cobweb":12,"minecraft:dirt":3,"born_in_chaos_v1:gnawed_bones":1,"iceandfire:ghost_chest":1,"born_in_chaos_v1:corpse_maggot":2,"minecraft:potion":2,"minecraft:chain":5}},"DataVersion":3465}