{"stats":{"minecraft:dropped":{"minecraft:spruce_sign":2,"minecraft:coal":16,"minecraft:dirt":2,"minecraft:repeater":18,"minecraft:dark_oak_trapdoor":2,"minecraft:smooth_quartz":17,"minecraft:sand":4,"minecraft:iron_nugget":6,"minecraft:rotten_flesh":22,"minecraft:light_gray_concrete":43,"luminousworld:groundpebbles_1":3,"minecraft:mossy_stone_bricks":1,"minecraft:stone_brick_wall":1,"minecraft:chest":1,"minecraft:spruce_slab":1,"minecraft:arrow":3,"minecraft:wooden_pickaxe":1},"minecraft:custom":{"minecraft:mob_kills":30,"minecraft:interact_with_crafting_table":16,"minecraft:open_barrel":19,"minecraft:damage_dealt_resisted":24,"minecraft:leave_game":5,"minecraft:time_since_death":17587,"minecraft:climb_one_cm":5507,"minecraft:sprint_one_cm":166960,"minecraft:walk_one_cm":319100,"minecraft:drop":24,"minecraft:play_time":154696,"minecraft:deaths":20,"minecraft:sneak_time":10185,"minecraft:walk_under_water_one_cm":4949,"minecraft:boat_one_cm":499,"minecraft:interact_with_lectern":1,"minecraft:jump":1913,"minecraft:walk_on_water_one_cm":10224,"minecraft:total_world_time":154696,"minecraft:interact_with_furnace":9,"tombstone:raider_killed":1,"minecraft:sleep_in_bed":7,"minecraft:time_since_rest":319,"minecraft:damage_taken":8322,"minecraft:damage_absorbed":40,"tombstone:sneak_grave":1,"minecraft:damage_dealt":6030,"minecraft:swim_one_cm":19240,"minecraft:fly_one_cm":335042,"minecraft:player_kills":1,"minecraft:open_chest":32,"minecraft:crouch_one_cm":22929,"tombstone:undead_killed":9,"minecraft:fall_one_cm":42324},"minecraft:picked_up":{"luminousworld:groundpebbles_1":12,"minecraft:crafting_table":3,"minecraft:brown_bed":1,"minecraft:stone_brick_wall":2,"minecraft:string":6,"minecraft:dark_oak_trapdoor":3,"minecraft:stone_stairs":1,"minecraft:item_frame":1,"minecraft:smooth_stone_slab":1,"minecraft:experience_bottle":1,"minecraft:beef":8,"minecraft:calcite":8,"minecraft:iron_nugget":6,"minecraft:smooth_quartz":18,"minecraft:spruce_slab":5,"minecraft:melon_slice":9,"minecraft:coal_block":3,"minecraft:chest":1,"minecraft:furnace":4,"minecraft:iron_boots":1,"minecraft:stripped_crimson_hyphae":2,"minecraft:raw_iron":12,"iceandfire:dragonbone":4,"ecologics:walnut_log":5,"minecraft:torch":1,"minecraft:spruce_stairs":4,"minecraft:spruce_fence":1,"minecraft:porkchop":3,"minecraft:stone_button":4,"tombstone:grave_dust":2,"iceandfire:dragon_skull_ice":1,"luminousworld:grassflowers":1,"minecraft:arrow":3,"minecraft:rotten_flesh":22,"minecraft:mutton":10,"minecraft:iron_bars":2,"minecraft:white_wool":2,"minecraft:cobblestone":188,"minecraft:repeater":18,"minecraft:brown_wool":4,"minecraft:leather":7,"minecraft:chiseled_quartz_block":19,"minecraft:dirt":10,"minecraft:cooked_mutton":1,"minecraft:mossy_stone_bricks":1,"minecraft:oak_planks":3,"minecraft:sand":8,"minecraft:white_bed":2,"minecraft:spruce_log":11,"minecraft:light_gray_concrete":45,"luminousworld:blueberry":1,"minecraft:golden_apple":2,"minecraft:emerald":1,"minecraft:spruce_sign":2,"minecraft:bread":2,"minecraft:black_wool":1,"minecraft:coal":16},"minecraft:killed_by":{"minecraft:husk":3,"minecraft:player":2,"iceandfire:cyclops":1,"illagerinvasion:basher":1,"minecraft:vindicator":2,"born_in_chaos_v1:decrepit_skeleton":1,"undead_revamp2:bomber":1,"iceandfire:ice_dragon":1,"minecraft:skeleton":1,"minecraft:zombie":1,"born_in_chaos_v1:maggot":1,"minecraft:illusioner":4},"minecraft:broken":{"minecraft:stone_sword":1},"minecraft:mined":{"minecraft:dark_oak_planks":7,"minecraft:light_blue_stained_glass_pane":1,"luminousworld:groundpebbles_1":5,"minecraft:white_bed":2,"luminousworld:blueberry_stage_1":1,"minecraft:red_nether_bricks":2,"placeablesmod:melon_block_1":1,"minecraft:stripped_crimson_hyphae":2,"luminousworld:mossbuds_2":1,"minecraft:grass_block":4,"minecraft:spruce_fence":1,"minecraft:stone_brick_wall":2,"minecraft:white_stained_glass":4,"luminousworld:grassvariant_2":2,"minecraft:coal_block":3,"minecraft:birch_slab":2,"minecraft:spruce_leaves":19,"minecraft:spawner":3,"minecraft:large_fern":2,"minecraft:furnace":4,"minecraft:dark_oak_trapdoor":2,"minecraft:iron_ore":12,"minecraft:fire":3,"minecraft:brown_bed":1,"minecraft:dark_oak_stairs":2,"minecraft:polished_deepslate":2,"minecraft:iron_bars":2,"minecraft:light_gray_concrete":68,"luminousworld:groundpebbles_2":7,"ecologics:walnut_log":5,"minecraft:stone":185,"minecraft:stripped_mangrove_wood":6,"minecraft:cake":1,"minecraft:spruce_slab":5,"minecraft:tripwire":4,"minecraft:birch_stairs":2,"minecraft:flowering_azalea":1,"minecraft:gray_concrete":3,"luminousworld:blueberrystage_0":1,"minecraft:chiseled_quartz_block":20,"minecraft:oak_fence":3,"minecraft:crafting_table":3,"iceandfire:dragon_ice_spikes":1,"minecraft:calcite":12,"minecraft:melon":2,"ecologics:walnut_leaves":1,"minecraft:chest":1,"luminousworld:grassflowers":1,"minecraft:cobblestone":2,"minecraft:oak_planks":4,"minecraft:diorite":2,"minecraft:spruce_stairs":4,"minecraft:stone_stairs":2,"minecraft:birch_planks":2,"minecraft:spruce_log":11,"minecraft:stone_brick_stairs":5,"minecraft:smooth_stone_slab":4,"minecraft:grass":5,"minecraft:coal_ore":16,"minecraft:sand":9,"minecraft:dirt":5,"minecraft:smooth_quartz":88,"minecraft:gray_carpet":1,"luminousworld:grassvariant_3":2,"minecraft:cobweb":2,"minecraft:stone_bricks":1,"minecraft:polished_andesite":5,"minecraft:mossy_stone_bricks":1},"minecraft:killed":{"minecraft:vindicator":1,"born_in_chaos_v1:maggot":1,"minecraft:skeleton":6,"minecraft:magma_cube":1,"minecraft:husk":3,"minecraft:pig":1,"earthmobsmod:cream_cow":1,"earthmobsmod:wooly_cow":4,"earthmobsmod:umbra_cow":1,"luminousworld:crab":2,"minecraft:sheep":8},"minecraft:crafted":{"hangglider:glider_framework":1,"vanillaplustools:stone_hammer":1,"hangglider:hang_glider":1,"ecologics:walnut_planks":20,"minecraft:furnace":1,"hangglider:glider_wing":2,"minecraft:cooked_mutton":2,"minecraft:stone_pickaxe":10,"minecraft:spruce_boat":1,"minecraft:cooked_beef":5,"minecraft:cooked_cod":3,"minecraft:cooked_porkchop":5,"minecraft:crafting_table":5,"minecraft:spruce_planks":28,"minecraft:wooden_pickaxe":1,"minecraft:brown_bed":1,"minecraft:stone_axe":1,"minecraft:air":0,"minecraft:string":4,"minecraft:white_wool":1,"minecraft:cobblestone":1,"minecraft:stick":44,"minecraft:stone_sword":1,"minecraft:white_bed":1},"minecraft:used":{"minecraft:stone_sword":124,"minecraft:iron_bars":2,"minecraft:spruce_slab":4,"naturalist:cooked_catfish":1,"minecraft:spruce_planks":6,"vanillaplustools:stone_hammer":71,"minecraft:torch":1,"minecraft:dirt":7,"iceandfire:pixie_dust":1,"luminousworld:grassflowers":1,"minecraft:stone_stairs":1,"minecraft:golden_chestplate":1,"minecraft:spruce_fence":1,"minecraft:spruce_boat":1,"minecraft:iron_helmet":1,"minecraft:iron_boots":1,"minecraft:smooth_quartz":1,"minecraft:item_frame":1,"ecologics:walnut_planks":5,"minecraft:furnace":1,"minecraft:cooked_cod":3,"tombstone:gift":4,"minecraft:cooked_beef":3,"minecraft:brown_bed":1,"minecraft:cooked_mutton":3,"alexsmobs:cooked_catfish":1,"minecraft:stone_pickaxe":59,"minecraft:wooden_pickaxe":13,"minecraft:golden_apple":1,"minecraft:dark_oak_trapdoor":1,"minecraft:sand":4,"minecraft:crafting_table":8,"minecraft:white_bed":3,"minecraft:stone_brick_wall":1,"minecraft:spruce_log":2,"minecraft:light_gray_concrete":2,"minecraft:bread":16,"minecraft:melon_slice":8,"minecraft:string":2,"minecraft:stone_button":4,"minecraft:golden_helmet":1,"minecraft:stone_axe":82,"minecraft:cobblestone":146,"minecraft:cooked_porkchop":5,"minecraft:smooth_stone_slab":1,"minecraft:experience_bottle":1,"minecraft:chainmail_leggings":1}},"DataVersion":3465}