{"stats":{"minecraft:dropped":{"minecraft:spruce_sign":2,"minecraft:coal":16,"minecraft:dirt":2,"minecraft:repeater":18,"minecraft:dark_oak_trapdoor":2,"minecraft:smooth_quartz":17,"minecraft:rotten_flesh":10,"luminousworld:groundpebbles_1":3,"minecraft:stone_brick_wall":1,"minecraft:chest":1,"minecraft:spruce_slab":1,"minecraft:arrow":3,"minecraft:wooden_pickaxe":1},"minecraft:killed_by":{"minecraft:husk":3,"minecraft:player":2,"minecraft:vindicator":1,"undead_revamp2:bomber":1,"minecraft:skeleton":1,"born_in_chaos_v1:maggot":1},"minecraft:used":{"minecraft:stone_sword":113,"minecraft:spruce_slab":4,"vanillaplustools:stone_hammer":67,"minecraft:dirt":6,"luminousworld:grassflowers":1,"minecraft:stone_stairs":1,"minecraft:iron_boots":1,"minecraft:smooth_quartz":1,"ecologics:walnut_planks":5,"minecraft:furnace":1,"minecraft:cooked_beef":1,"minecraft:cooked_mutton":3,"minecraft:stone_pickaxe":52,"minecraft:wooden_pickaxe":13,"minecraft:golden_apple":1,"minecraft:dark_oak_trapdoor":1,"minecraft:crafting_table":5,"minecraft:white_bed":3,"minecraft:stone_brick_wall":1,"minecraft:melon_slice":8,"minecraft:bread":2,"minecraft:string":2,"minecraft:stone_axe":57,"minecraft:cobblestone":132,"minecraft:cooked_porkchop":5,"minecraft:smooth_stone_slab":1},"minecraft:crafted":{"vanillaplustools:stone_hammer":1,"ecologics:walnut_planks":20,"minecraft:furnace":1,"minecraft:cooked_mutton":2,"minecraft:stone_pickaxe":10,"minecraft:cooked_beef":5,"minecraft:cooked_cod":3,"minecraft:cooked_porkchop":5,"minecraft:crafting_table":2,"minecraft:spruce_planks":8,"minecraft:wooden_pickaxe":1,"minecraft:stone_axe":1,"minecraft:air":0,"minecraft:string":4,"minecraft:white_wool":1,"minecraft:cobblestone":1,"minecraft:stick":40,"minecraft:stone_sword":1,"minecraft:white_bed":1},"minecraft:mined":{"minecraft:dark_oak_planks":7,"minecraft:light_blue_stained_glass_pane":1,"luminousworld:groundpebbles_1":5,"minecraft:white_bed":2,"luminousworld:blueberry_stage_1":1,"minecraft:red_nether_bricks":2,"placeablesmod:melon_block_1":1,"minecraft:stripped_crimson_hyphae":2,"minecraft:grass_block":3,"minecraft:stone_brick_wall":2,"luminousworld:grassvariant_2":2,"minecraft:coal_block":3,"minecraft:birch_slab":2,"minecraft:spruce_leaves":10,"minecraft:spawner":3,"minecraft:large_fern":2,"minecraft:furnace":4,"minecraft:dark_oak_trapdoor":2,"minecraft:iron_ore":1,"minecraft:fire":3,"minecraft:dark_oak_stairs":2,"minecraft:polished_deepslate":2,"minecraft:light_gray_concrete":68,"luminousworld:groundpebbles_2":7,"ecologics:walnut_log":5,"minecraft:stone":185,"minecraft:stripped_mangrove_wood":6,"minecraft:cake":1,"minecraft:spruce_slab":5,"minecraft:tripwire":4,"minecraft:birch_stairs":2,"minecraft:flowering_azalea":1,"minecraft:gray_concrete":3,"luminousworld:blueberrystage_0":1,"minecraft:chiseled_quartz_block":20,"minecraft:crafting_table":3,"minecraft:calcite":12,"ecologics:walnut_leaves":1,"minecraft:melon":2,"minecraft:chest":1,"luminousworld:grassflowers":1,"minecraft:oak_planks":4,"minecraft:diorite":2,"minecraft:spruce_stairs":4,"minecraft:stone_stairs":2,"minecraft:spruce_log":4,"minecraft:stone_brick_stairs":5,"minecraft:smooth_stone_slab":4,"minecraft:grass":5,"minecraft:coal_ore":16,"minecraft:dirt":5,"minecraft:smooth_quartz":88,"minecraft:gray_carpet":1,"luminousworld:grassvariant_3":2,"minecraft:cobweb":2,"minecraft:polished_andesite":5},"minecraft:picked_up":{"luminousworld:groundpebbles_1":12,"minecraft:crafting_table":3,"minecraft:stone_brick_wall":2,"minecraft:string":6,"minecraft:dark_oak_trapdoor":3,"minecraft:stone_stairs":1,"minecraft:smooth_stone_slab":1,"minecraft:beef":2,"minecraft:calcite":8,"minecraft:smooth_quartz":18,"minecraft:spruce_slab":5,"minecraft:melon_slice":9,"minecraft:coal_block":3,"minecraft:chest":1,"minecraft:iron_boots":1,"minecraft:furnace":4,"minecraft:stripped_crimson_hyphae":2,"minecraft:raw_iron":1,"ecologics:walnut_log":5,"minecraft:torch":1,"minecraft:spruce_stairs":4,"minecraft:porkchop":3,"tombstone:grave_dust":2,"luminousworld:grassflowers":1,"minecraft:arrow":3,"minecraft:rotten_flesh":20,"minecraft:mutton":2,"minecraft:white_wool":2,"minecraft:cobblestone":185,"minecraft:repeater":18,"minecraft:leather":1,"minecraft:chiseled_quartz_block":19,"minecraft:dirt":9,"minecraft:cooked_mutton":1,"minecraft:oak_planks":3,"minecraft:white_bed":2,"minecraft:spruce_log":4,"minecraft:light_gray_concrete":45,"luminousworld:blueberry":1,"minecraft:golden_apple":2,"minecraft:spruce_sign":2,"minecraft:black_wool":1,"minecraft:coal":16},"minecraft:custom":{"minecraft:mob_kills":19,"minecraft:interact_with_crafting_table":11,"minecraft:open_barrel":19,"minecraft:damage_dealt_resisted":24,"minecraft:leave_game":4,"minecraft:time_since_death":1188,"minecraft:climb_one_cm":3843,"minecraft:sprint_one_cm":52231,"minecraft:walk_one_cm":151256,"minecraft:drop":17,"minecraft:play_time":69873,"minecraft:deaths":10,"minecraft:sneak_time":9004,"minecraft:walk_under_water_one_cm":3452,"minecraft:jump":811,"minecraft:walk_on_water_one_cm":7624,"minecraft:total_world_time":69873,"minecraft:interact_with_furnace":8,"tombstone:raider_killed":1,"minecraft:sleep_in_bed":3,"minecraft:time_since_rest":1005,"minecraft:damage_taken":4208,"minecraft:damage_absorbed":40,"tombstone:sneak_grave":1,"minecraft:damage_dealt":4355,"minecraft:swim_one_cm":18504,"minecraft:fly_one_cm":75430,"minecraft:player_kills":1,"minecraft:open_chest":3,"minecraft:crouch_one_cm":19471,"tombstone:undead_killed":9,"minecraft:fall_one_cm":19249},"minecraft:killed":{"minecraft:vindicator":1,"born_in_chaos_v1:maggot":1,"minecraft:skeleton":6,"minecraft:magma_cube":1,"minecraft:husk":3,"minecraft:pig":1,"earthmobsmod:cream_cow":1,"earthmobsmod:umbra_cow":1,"luminousworld:crab":2,"minecraft:sheep":2}},"DataVersion":3465}