{"stats":{"minecraft:dropped":{"minecraft:coal":16,"minecraft:dirt":2,"minecraft:repeater":18,"luminousworld:groundpebbles_1":3,"minecraft:stone_brick_wall":1,"minecraft:smooth_quartz":17,"minecraft:chest":1,"minecraft:spruce_slab":1,"minecraft:arrow":3,"minecraft:wooden_pickaxe":1},"minecraft:killed_by":{"minecraft:vindicator":1,"minecraft:player":1},"minecraft:used":{"minecraft:cooked_mutton":1,"minecraft:stone_sword":65,"minecraft:spruce_slab":4,"minecraft:stone_pickaxe":37,"minecraft:wooden_pickaxe":13,"vanillaplustools:stone_hammer":64,"minecraft:dirt":6,"minecraft:crafting_table":3,"luminousworld:grassflowers":1,"minecraft:stone_stairs":1,"minecraft:white_bed":3,"minecraft:stone_brick_wall":1,"minecraft:string":2,"minecraft:bread":2,"minecraft:melon_slice":8,"minecraft:iron_boots":1,"minecraft:smooth_quartz":1,"minecraft:stone_axe":34,"ecologics:walnut_planks":5,"minecraft:cobblestone":48,"minecraft:furnace":1,"minecraft:cooked_porkchop":5,"minecraft:smooth_stone_slab":1},"minecraft:crafted":{"minecraft:cooked_beef":5,"minecraft:cooked_cod":3,"vanillaplustools:stone_hammer":1,"minecraft:cooked_porkchop":5,"minecraft:crafting_table":1,"minecraft:wooden_pickaxe":1,"ecologics:walnut_planks":20,"minecraft:furnace":1,"minecraft:stone_axe":1,"minecraft:cooked_mutton":2,"minecraft:air":0,"minecraft:string":4,"minecraft:white_wool":1,"minecraft:cobblestone":1,"minecraft:stick":40,"minecraft:stone_pickaxe":9,"minecraft:stone_sword":1,"minecraft:white_bed":1},"minecraft:mined":{"minecraft:light_blue_stained_glass_pane":1,"luminousworld:groundpebbles_1":5,"minecraft:white_bed":2,"minecraft:gray_concrete":3,"luminousworld:blueberrystage_0":1,"luminousworld:blueberry_stage_1":1,"minecraft:chiseled_quartz_block":20,"minecraft:crafting_table":3,"placeablesmod:melon_block_1":1,"minecraft:stripped_crimson_hyphae":2,"minecraft:stone_brick_wall":2,"minecraft:grass_block":3,"minecraft:melon":2,"ecologics:walnut_leaves":1,"minecraft:chest":1,"luminousworld:grassvariant_2":2,"luminousworld:grassflowers":1,"minecraft:coal_block":3,"minecraft:spruce_leaves":3,"minecraft:oak_planks":4,"minecraft:spawner":2,"minecraft:stone_stairs":2,"minecraft:spruce_stairs":4,"minecraft:furnace":4,"minecraft:iron_ore":1,"minecraft:spruce_log":4,"minecraft:stone_brick_stairs":5,"minecraft:smooth_stone_slab":4,"minecraft:grass":5,"minecraft:coal_ore":16,"minecraft:smooth_quartz":88,"minecraft:light_gray_concrete":68,"minecraft:dirt":5,"luminousworld:grassvariant_3":2,"luminousworld:groundpebbles_2":7,"ecologics:walnut_log":5,"minecraft:polished_andesite":5,"minecraft:stone":185,"minecraft:spruce_slab":5,"minecraft:tripwire":4},"minecraft:picked_up":{"luminousworld:groundpebbles_1":12,"minecraft:crafting_table":3,"minecraft:repeater":18,"minecraft:leather":1,"minecraft:chiseled_quartz_block":19,"minecraft:stone_brick_wall":2,"minecraft:string":4,"minecraft:dirt":9,"minecraft:stone_stairs":1,"minecraft:smooth_stone_slab":1,"minecraft:beef":2,"minecraft:smooth_quartz":18,"minecraft:spruce_slab":5,"minecraft:melon_slice":9,"minecraft:coal_block":3,"minecraft:chest":1,"minecraft:oak_planks":3,"minecraft:furnace":4,"minecraft:iron_boots":1,"minecraft:raw_iron":1,"minecraft:stripped_crimson_hyphae":2,"ecologics:walnut_log":5,"minecraft:spruce_stairs":4,"minecraft:porkchop":3,"minecraft:white_bed":2,"minecraft:spruce_log":4,"minecraft:arrow":3,"minecraft:light_gray_concrete":45,"luminousworld:grassflowers":1,"luminousworld:blueberry":1,"minecraft:black_wool":1,"minecraft:mutton":2,"minecraft:coal":16,"minecraft:white_wool":2,"minecraft:cobblestone":185},"minecraft:custom":{"minecraft:interact_with_furnace":8,"minecraft:mob_kills":13,"tombstone:raider_killed":1,"minecraft:interact_with_crafting_table":9,"minecraft:open_barrel":8,"minecraft:leave_game":4,"minecraft:time_since_death":30033,"minecraft:sleep_in_bed":2,"minecraft:climb_one_cm":3667,"minecraft:time_since_rest":12339,"minecraft:sprint_one_cm":42740,"minecraft:damage_taken":1509,"minecraft:walk_one_cm":107195,"tombstone:sneak_grave":1,"minecraft:drop":12,"minecraft:damage_dealt":2684,"minecraft:swim_one_cm":18504,"minecraft:fly_one_cm":70197,"minecraft:crouch_one_cm":10714,"minecraft:play_time":51873,"tombstone:undead_killed":4,"minecraft:deaths":2,"minecraft:sneak_time":4950,"minecraft:walk_under_water_one_cm":3452,"minecraft:jump":617,"minecraft:walk_on_water_one_cm":7624,"minecraft:total_world_time":51873,"minecraft:fall_one_cm":13296},"minecraft:killed":{"minecraft:magma_cube":1,"minecraft:pig":1,"minecraft:vindicator":1,"earthmobsmod:cream_cow":1,"earthmobsmod:umbra_cow":1,"luminousworld:crab":2,"minecraft:skeleton":4,"minecraft:sheep":2}},"DataVersion":3465}