{"stats":{"minecraft:picked_up":{"luminousworld:groundpebbles_1":12,"minecraft:crafting_table":2,"minecraft:leather":1,"minecraft:dirt":9,"minecraft:beef":2,"minecraft:melon_slice":9,"minecraft:oak_planks":3,"minecraft:iron_boots":1,"minecraft:stripped_crimson_hyphae":2,"minecraft:raw_iron":1,"ecologics:walnut_log":5,"minecraft:spruce_stairs":4,"minecraft:porkchop":3,"minecraft:white_bed":1,"minecraft:spruce_log":4,"luminousworld:grassflowers":1,"luminousworld:blueberry":1,"minecraft:black_wool":1,"minecraft:mutton":2,"minecraft:coal":16,"minecraft:white_wool":2,"minecraft:cobblestone":185},"minecraft:mined":{"luminousworld:groundpebbles_1":5,"minecraft:white_bed":1,"luminousworld:blueberrystage_0":1,"luminousworld:blueberry_stage_1":1,"minecraft:crafting_table":2,"placeablesmod:melon_block_1":1,"minecraft:stripped_crimson_hyphae":2,"minecraft:grass_block":3,"ecologics:walnut_leaves":1,"minecraft:melon":2,"luminousworld:grassvariant_2":2,"luminousworld:grassflowers":1,"minecraft:spruce_leaves":2,"minecraft:oak_planks":4,"minecraft:spawner":1,"minecraft:spruce_stairs":4,"minecraft:iron_ore":1,"minecraft:spruce_log":4,"minecraft:grass":5,"minecraft:coal_ore":16,"minecraft:dirt":5,"luminousworld:grassvariant_3":2,"luminousworld:groundpebbles_2":7,"ecologics:walnut_log":5,"minecraft:stone":185},"minecraft:dropped":{"minecraft:dirt":2,"minecraft:wooden_pickaxe":1},"minecraft:killed":{"minecraft:pig":1,"minecraft:vindicator":1,"earthmobsmod:cream_cow":1,"earthmobsmod:umbra_cow":1,"luminousworld:crab":2,"minecraft:sheep":2},"minecraft:used":{"minecraft:stone_sword":24,"minecraft:stone_pickaxe":37,"minecraft:wooden_pickaxe":13,"vanillaplustools:stone_hammer":18,"minecraft:dirt":6,"minecraft:crafting_table":3,"luminousworld:grassflowers":1,"minecraft:white_bed":1,"minecraft:melon_slice":8,"minecraft:bread":2,"minecraft:iron_boots":1,"minecraft:stone_axe":22,"ecologics:walnut_planks":5,"minecraft:cobblestone":22,"minecraft:cooked_porkchop":2,"minecraft:furnace":1},"minecraft:custom":{"minecraft:interact_with_furnace":7,"minecraft:mob_kills":8,"tombstone:raider_killed":1,"minecraft:interact_with_crafting_table":7,"minecraft:open_barrel":8,"minecraft:leave_game":4,"minecraft:time_since_death":14631,"minecraft:sleep_in_bed":1,"minecraft:climb_one_cm":3667,"minecraft:time_since_rest":9744,"minecraft:sprint_one_cm":40944,"minecraft:damage_taken":1023,"minecraft:walk_one_cm":78214,"minecraft:drop":3,"minecraft:damage_dealt":1210,"minecraft:swim_one_cm":18504,"minecraft:fly_one_cm":67974,"minecraft:crouch_one_cm":3807,"minecraft:play_time":36471,"minecraft:deaths":2,"minecraft:sneak_time":1408,"minecraft:walk_under_water_one_cm":3452,"minecraft:jump":514,"minecraft:walk_on_water_one_cm":7624,"minecraft:total_world_time":36471,"minecraft:fall_one_cm":9343},"minecraft:crafted":{"minecraft:cooked_beef":5,"minecraft:cooked_cod":3,"vanillaplustools:stone_hammer":1,"minecraft:cooked_porkchop":5,"minecraft:crafting_table":1,"ecologics:walnut_planks":20,"minecraft:wooden_pickaxe":1,"minecraft:furnace":1,"minecraft:stone_axe":1,"minecraft:cooked_mutton":2,"minecraft:air":0,"minecraft:string":4,"minecraft:white_wool":1,"minecraft:cobblestone":1,"minecraft:stick":24,"minecraft:stone_pickaxe":9,"minecraft:stone_sword":1,"minecraft:white_bed":1},"minecraft:killed_by":{"minecraft:vindicator":1,"minecraft:player":1}},"DataVersion":3465}