{"stats":{"minecraft:picked_up":{"luminousworld:grassflowers":1,"ecologics:walnut_log":5,"minecraft:beef":1,"minecraft:black_wool":1,"minecraft:dirt":1},"minecraft:mined":{"minecraft:grass":2,"minecraft:grass_block":1,"ecologics:walnut_leaves":1,"luminousworld:grassvariant_3":1,"luminousworld:grassflowers":1,"ecologics:walnut_log":5},"minecraft:killed":{"earthmobsmod:umbra_cow":1},"minecraft:used":{"minecraft:dirt":1,"luminousworld:grassflowers":1},"minecraft:custom":{"minecraft:time_since_rest":6438,"minecraft:play_time":6438,"minecraft:sprint_one_cm":4874,"minecraft:walk_one_cm":6690,"minecraft:mob_kills":1,"minecraft:jump":49,"minecraft:damage_dealt":110,"minecraft:leave_game":3,"minecraft:time_since_death":6438,"minecraft:total_world_time":6438,"minecraft:fall_one_cm":685,"minecraft:fly_one_cm":5632}},"DataVersion":3465}