{"stats":{"minecraft:broken":{"minecraft:iron_chestplate":1},"minecraft:dropped":{"minecraft:spruce_sign":4,"minecraft:piston":1,"minecraft:stripped_mangrove_wood":6,"minecraft:glass_bottle":1,"minecraft:rotten_flesh":23,"minecraft:iron_boots":1,"minecraft:stone_stairs":1,"minecraft:light_gray_concrete":3,"minecraft:carrot":8,"minecraft:red_mushroom":2,"minecraft:stick":9,"minecraft:redstone_lamp":6,"minecraft:mangrove_log":1,"minecraft:diorite":4,"minecraft:skeleton_skull":2,"born_in_chaos_v1:corpse_maggot":7,"minecraft:stripped_dark_oak_wood":2,"tombstone:grave_dust":8,"minecraft:sand":16,"minecraft:flowering_azalea":2,"minecraft:arrow":4,"minecraft:beef":1},"minecraft:killed_by":{"minecraft:husk":1,"minecraft:player":1,"iceandfire:cyclops":2,"minecraft:skeleton":2,"born_in_chaos_v1:corpse_fly":1},"minecraft:used":{"minecraft:dark_oak_stairs":1,"minecraft:wooden_pickaxe":28,"minecraft:rotten_flesh":1,"minecraft:torch":67,"luminousworld:decorative_brown_2":1,"minecraft:dirt":3,"minecraft:crafting_table":2,"minecraft:chiseled_quartz_block":1,"minecraft:milk_bucket":3,"friendsandfoes:totem_of_illusion":1,"luminousworld:blueberry":17,"minecraft:light_gray_concrete":10,"minecraft:melon_slice":1,"minecraft:bread":5,"minecraft:iron_boots":1,"minecraft:smooth_quartz":28,"minecraft:diamond_sword":351,"minecraft:cobblestone":18,"minecraft:potion":1,"minecraft:pumpkin_pie":3,"tombstone:gift":3,"alexsmobs:animal_dictionary":1},"minecraft:crafted":{"minecraft:diamond_sword":1,"minecraft:crafting_table":1,"minecraft:bread":1,"minecraft:stick":8,"minecraft:dark_oak_planks":8},"minecraft:mined":{"luminousworld:blueberrystage_0":2,"minecraft:crafting_table":2,"minecraft:torch":1,"minecraft:grass_block":2,"minecraft:cobblestone":6,"minecraft:birch_slab":1,"minecraft:spruce_leaves":12,"minecraft:diorite":2,"luminousworld:groundpebbles_3":2,"minecraft:wall_torch":2,"minecraft:spawner":2,"luminousworld:mossbuds_3":1,"minecraft:wither_rose":1,"minecraft:stripped_dark_oak_wood":1,"minecraft:grass":1,"minecraft:dirt":1,"luminousworld:decorative_brown_2":1,"minecraft:stone":14},"minecraft:picked_up":{"luminousworld:groundpebbles_1":5,"born_in_chaos_v1:corpse_maggot":7,"minecraft:crafting_table":2,"minecraft:iron_chestplate":1,"luminousworld:decorative_brown_2":1,"minecraft:birch_slab":5,"minecraft:leather":1,"friendsandfoes:totem_of_illusion":1,"minecraft:wooden_pickaxe":1,"minecraft:chiseled_quartz_block":1,"minecraft:red_mushroom":4,"minecraft:birch_planks":2,"minecraft:wither_rose":1,"minecraft:gray_concrete":3,"minecraft:dirt":3,"minecraft:stone_stairs":1,"minecraft:smooth_stone_slab":6,"minecraft:bone":13,"minecraft:beef":1,"minecraft:dark_oak_stairs":2,"minecraft:smooth_quartz":28,"minecraft:flowering_azalea":2,"minecraft:melon_slice":1,"minecraft:mangrove_log":1,"minecraft:stick":2,"minecraft:stripped_mangrove_wood":12,"minecraft:torch":5,"minecraft:sand":18,"minecraft:birch_stairs":2,"minecraft:mangrove_sign":1,"minecraft:diorite":4,"tombstone:grave_dust":6,"minecraft:dark_oak_planks":4,"minecraft:light_gray_concrete":13,"minecraft:polished_andesite":2,"minecraft:arrow":8,"minecraft:rotten_flesh":24,"luminousworld:blueberry":29,"minecraft:emerald":2,"tombstone:essence_of_undeath":1,"minecraft:stripped_dark_oak_wood":2,"minecraft:spruce_sign":4,"sophisticatedbackpacks:copper_backpack":1,"supplementaries:ash":11,"minecraft:cobblestone":19},"minecraft:custom":{"minecraft:mob_kills":62,"tombstone:raider_killed":5,"minecraft:interact_with_crafting_table":3,"minecraft:open_barrel":3,"minecraft:damage_dealt_resisted":12,"minecraft:leave_game":5,"minecraft:time_since_death":2200,"minecraft:climb_one_cm":19094,"minecraft:time_since_rest":1537,"minecraft:sprint_one_cm":117230,"minecraft:damage_taken":6764,"minecraft:walk_one_cm":187685,"minecraft:drop":49,"minecraft:damage_dealt":16527,"minecraft:damage_dealt_absorbed":40,"minecraft:swim_one_cm":2097,"minecraft:fly_one_cm":204113,"minecraft:player_kills":2,"minecraft:open_chest":18,"minecraft:crouch_one_cm":7544,"minecraft:play_time":95727,"tombstone:undead_killed":41,"minecraft:deaths":9,"minecraft:sneak_time":3265,"minecraft:walk_under_water_one_cm":241,"minecraft:jump":782,"minecraft:interact_with_brewingstand":1,"minecraft:interact_with_blast_furnace":4,"minecraft:walk_on_water_one_cm":10024,"minecraft:total_world_time":95727,"minecraft:fall_one_cm":32104,"minecraft:inspect_dispenser":2},"minecraft:killed":{"minecraft:magma_cube":2,"minecraft:husk":31,"iceandfire:cyclops":1,"illagerinvasion:basher":1,"born_in_chaos_v1:maggot":3,"minecraft:skeleton":10,"minecraft:pillager":3,"born_in_chaos_v1:corpse_fly":1,"enemyexpansion:botfly":8,"minecraft:illusioner":1,"minecraft:cow":1}},"DataVersion":3465}