{"stats":{"minecraft:dropped":{"minecraft:iron_boots":1},"minecraft:used":{"luminousworld:blueberry":7,"minecraft:melon_slice":1,"minecraft:wooden_pickaxe":23,"minecraft:iron_boots":1,"minecraft:torch":21,"luminousworld:decorative_brown_2":1,"minecraft:diamond_sword":47,"minecraft:dirt":3,"minecraft:cobblestone":18,"minecraft:crafting_table":1,"alexsmobs:animal_dictionary":1},"minecraft:crafted":{"minecraft:diamond_sword":1,"minecraft:crafting_table":1,"minecraft:stick":8,"minecraft:dark_oak_planks":8},"minecraft:mined":{"luminousworld:blueberrystage_0":2,"luminousworld:mossbuds_3":1,"minecraft:crafting_table":1,"minecraft:torch":1,"minecraft:grass":1,"minecraft:grass_block":2,"minecraft:dirt":1,"minecraft:cobblestone":4,"minecraft:spruce_leaves":8,"minecraft:stone":14,"luminousworld:decorative_brown_2":1,"luminousworld:groundpebbles_3":2,"minecraft:wall_torch":2,"minecraft:spawner":2},"minecraft:picked_up":{"minecraft:iron_chestplate":1,"luminousworld:groundpebbles_1":5,"minecraft:crafting_table":1,"luminousworld:decorative_brown_2":1,"minecraft:torch":5,"minecraft:wooden_pickaxe":1,"tombstone:grave_dust":1,"minecraft:dirt":3,"minecraft:arrow":4,"minecraft:bone":4,"minecraft:rotten_flesh":1,"luminousworld:blueberry":14,"sophisticatedbackpacks:copper_backpack":1,"minecraft:melon_slice":1,"minecraft:mangrove_log":1,"minecraft:cobblestone":18},"minecraft:custom":{"minecraft:time_since_rest":57580,"minecraft:sprint_one_cm":56320,"minecraft:walk_one_cm":69267,"minecraft:damage_taken":760,"minecraft:mob_kills":6,"minecraft:drop":1,"tombstone:raider_killed":1,"minecraft:damage_dealt":1957,"minecraft:swim_one_cm":1701,"minecraft:interact_with_crafting_table":2,"minecraft:fly_one_cm":74790,"minecraft:player_kills":1,"minecraft:open_chest":4,"minecraft:crouch_one_cm":713,"tombstone:undead_killed":3,"minecraft:play_time":57580,"minecraft:sneak_time":386,"minecraft:walk_under_water_one_cm":179,"minecraft:jump":382,"minecraft:walk_on_water_one_cm":8716,"minecraft:leave_game":4,"minecraft:time_since_death":57580,"minecraft:climb_one_cm":16134,"minecraft:total_world_time":57580,"minecraft:fall_one_cm":7757},"minecraft:killed":{"minecraft:skeleton":3,"minecraft:magma_cube":2,"minecraft:pillager":1}},"DataVersion":3465}