{"stats":{"minecraft:dropped":{"minecraft:iron_boots":1},"minecraft:used":{"minecraft:melon_slice":1,"alexsmobs:animal_dictionary":1,"minecraft:wooden_pickaxe":14,"minecraft:iron_boots":1},"minecraft:mined":{"minecraft:grass":1,"minecraft:stone":14,"luminousworld:groundpebbles_3":2},"minecraft:picked_up":{"luminousworld:groundpebbles_1":5,"minecraft:rotten_flesh":1,"minecraft:wooden_pickaxe":1,"sophisticatedbackpacks:copper_backpack":1,"minecraft:melon_slice":1,"minecraft:mangrove_log":1,"minecraft:cobblestone":14},"minecraft:custom":{"minecraft:open_chest":3,"minecraft:time_since_rest":45580,"minecraft:crouch_one_cm":99,"minecraft:play_time":45580,"minecraft:sprint_one_cm":29368,"minecraft:damage_taken":85,"minecraft:walk_one_cm":35134,"minecraft:sneak_time":71,"minecraft:mob_kills":1,"minecraft:drop":1,"minecraft:jump":214,"tombstone:raider_killed":1,"minecraft:damage_dealt":366,"minecraft:leave_game":4,"minecraft:time_since_death":45580,"minecraft:walk_on_water_one_cm":2808,"minecraft:total_world_time":45580,"minecraft:climb_one_cm":450,"minecraft:fall_one_cm":4123,"minecraft:fly_one_cm":51687,"minecraft:player_kills":1},"minecraft:killed":{"minecraft:pillager":1}},"DataVersion":3465}