{"stats":{"minecraft:broken":{"minecraft:iron_chestplate":1},"minecraft:dropped":{"minecraft:iron_boots":1,"born_in_chaos_v1:corpse_maggot":4},"minecraft:killed_by":{"minecraft:husk":1,"minecraft:skeleton":2,"born_in_chaos_v1:corpse_fly":1},"minecraft:used":{"minecraft:wooden_pickaxe":25,"minecraft:rotten_flesh":1,"minecraft:torch":35,"luminousworld:decorative_brown_2":1,"minecraft:dirt":3,"minecraft:crafting_table":2,"luminousworld:blueberry":11,"minecraft:light_gray_concrete":10,"minecraft:melon_slice":1,"minecraft:bread":2,"minecraft:iron_boots":1,"minecraft:smooth_quartz":19,"minecraft:diamond_sword":148,"minecraft:cobblestone":18,"tombstone:gift":2,"alexsmobs:animal_dictionary":1},"minecraft:crafted":{"minecraft:diamond_sword":1,"minecraft:crafting_table":1,"minecraft:bread":1,"minecraft:stick":8,"minecraft:dark_oak_planks":8},"minecraft:mined":{"luminousworld:blueberrystage_0":2,"minecraft:crafting_table":2,"minecraft:torch":1,"minecraft:grass_block":2,"minecraft:cobblestone":4,"minecraft:spruce_leaves":8,"minecraft:diorite":2,"luminousworld:groundpebbles_3":2,"minecraft:wall_torch":2,"minecraft:spawner":2,"luminousworld:mossbuds_3":1,"minecraft:grass":1,"minecraft:dirt":1,"luminousworld:decorative_brown_2":1,"minecraft:stone":14},"minecraft:picked_up":{"luminousworld:groundpebbles_1":5,"born_in_chaos_v1:corpse_maggot":4,"minecraft:crafting_table":2,"minecraft:iron_chestplate":1,"luminousworld:decorative_brown_2":1,"minecraft:wooden_pickaxe":1,"minecraft:chiseled_quartz_block":1,"minecraft:gray_concrete":3,"minecraft:dirt":3,"minecraft:stone_stairs":1,"minecraft:smooth_stone_slab":6,"minecraft:bone":4,"minecraft:smooth_quartz":28,"minecraft:melon_slice":1,"minecraft:mangrove_log":1,"minecraft:torch":5,"minecraft:diorite":2,"tombstone:grave_dust":1,"minecraft:light_gray_concrete":13,"minecraft:polished_andesite":2,"minecraft:arrow":4,"minecraft:rotten_flesh":4,"luminousworld:blueberry":14,"sophisticatedbackpacks:copper_backpack":1,"minecraft:cobblestone":18},"minecraft:custom":{"minecraft:mob_kills":18,"tombstone:raider_killed":1,"minecraft:interact_with_crafting_table":3,"minecraft:open_barrel":1,"minecraft:leave_game":4,"minecraft:time_since_death":1131,"minecraft:climb_one_cm":16492,"minecraft:time_since_rest":886,"minecraft:sprint_one_cm":76031,"minecraft:damage_taken":5009,"minecraft:walk_one_cm":113931,"minecraft:drop":5,"minecraft:damage_dealt":6227,"minecraft:swim_one_cm":1701,"minecraft:fly_one_cm":95884,"minecraft:player_kills":1,"minecraft:open_chest":6,"minecraft:crouch_one_cm":2893,"minecraft:play_time":69580,"tombstone:undead_killed":12,"minecraft:deaths":5,"minecraft:sneak_time":1103,"minecraft:walk_under_water_one_cm":179,"minecraft:jump":476,"minecraft:interact_with_blast_furnace":3,"minecraft:walk_on_water_one_cm":8716,"minecraft:total_world_time":69580,"minecraft:fall_one_cm":27710,"minecraft:inspect_dispenser":2},"minecraft:killed":{"minecraft:magma_cube":2,"minecraft:husk":9,"minecraft:skeleton":3,"minecraft:pillager":1,"born_in_chaos_v1:corpse_fly":1,"enemyexpansion:botfly":2}},"DataVersion":3465}